id,final_mark,date,attendance
1,40,2022-09-19,present
1,40,2022-09-21,absent
1,40,2022-09-23,absent
1,40,2022-09-26,present
1,40,2022-09-28,absent
1,40,2022-09-30,present
1,40,2022-10-03,present
1,40,2022-10-05,absent
1,40,2022-10-07,absent
1,40,2022-10-10,absent
1,40,2022-10-12,absent
1,40,2022-10-14,present
1,40,2022-10-17,absent
1,40,2022-10-19,present
1,40,2022-10-21,present
1,40,2022-10-24,present
1,40,2022-10-26,absent
1,40,2022-10-28,absent
1,40,2022-10-31,absent
1,40,2022-11-02,absent
2,45,2022-09-19,absent
2,45,2022-09-21,absent
2,45,2022-09-23,present
2,45,2022-09-26,present
2,45,2022-09-28,present
2,45,2022-09-30,absent
2,45,2022-10-03,absent
2,45,2022-10-05,present
2,45,2022-10-07,absent
2,45,2022-10-10,present
2,45,2022-10-12,absent
2,45,2022-10-14,absent
2,45,2022-10-17,present
2,45,2022-10-19,present
2,45,2022-10-21,absent
2,45,2022-10-24,present
2,45,2022-10-26,absent
2,45,2022-10-28,present
2,45,2022-10-31,absent
2,45,2022-11-02,absent
3,61,2022-09-19,present
3,61,2022-09-21,absent
3,61,2022-09-23,present
3,61,2022-09-26,present
3,61,2022-09-28,absent
3,61,2022-09-30,absent
3,61,2022-10-03,absent
3,61,2022-10-05,present
3,61,2022-10-07,present
3,61,2022-10-10,present
3,61,2022-10-12,absent
3,61,2022-10-14,absent
3,61,2022-10-17,absent
3,61,2022-10-19,absent
3,61,2022-10-21,present
3,61,2022-10-24,present
3,61,2022-10-26,absent
3,61,2022-10-28,present
3,61,2022-10-31,absent
3,61,2022-11-02,present
4,59,2022-09-19,present
4,59,2022-09-21,present
4,59,2022-09-23,absent
4,59,2022-09-26,absent
4,59,2022-09-28,present
4,59,2022-09-30,present
4,59,2022-10-03,absent
4,59,2022-10-05,present
4,59,2022-10-07,present
4,59,2022-10-10,absent
4,59,2022-10-12,absent
4,59,2022-10-14,absent
4,59,2022-10-17,present
4,59,2022-10-19,absent
4,59,2022-10-21,present
4,59,2022-10-24,absent
4,59,2022-10-26,present
4,59,2022-10-28,absent
4,59,2022-10-31,present
4,59,2022-11-02,present
5,88,2022-09-19,absent
5,88,2022-09-21,present
5,88,2022-09-23,present
5,88,2022-09-26,absent
5,88,2022-09-28,present
5,88,2022-09-30,present
5,88,2022-10-03,present
5,88,2022-10-05,present
5,88,2022-10-07,present
5,88,2022-10-10,present
5,88,2022-10-12,absent
5,88,2022-10-14,present
5,88,2022-10-17,present
5,88,2022-10-19,absent
5,88,2022-10-21,present
5,88,2022-10-24,present
5,88,2022-10-26,present
5,88,2022-10-28,present
5,88,2022-10-31,absent
5,88,2022-11-02,absent
6,76,2022-09-19,present
6,76,2022-09-21,absent
6,76,2022-09-23,present
6,76,2022-09-26,present
6,76,2022-09-28,present
6,76,2022-09-30,present
6,76,2022-10-03,present
6,76,2022-10-05,present
6,76,2022-10-07,present
6,76,2022-10-10,absent
6,76,2022-10-12,present
6,76,2022-10-14,present
6,76,2022-10-17,present
6,76,2022-10-19,absent
6,76,2022-10-21,present
6,76,2022-10-24,absent
6,76,2022-10-26,present
6,76,2022-10-28,present
6,76,2022-10-31,absent
6,76,2022-11-02,absent
7,59,2022-09-19,absent
7,59,2022-09-21,absent
7,59,2022-09-23,absent
7,59,2022-09-26,present
7,59,2022-09-28,absent
7,59,2022-09-30,present
7,59,2022-10-03,present
7,59,2022-10-05,present
7,59,2022-10-07,present
7,59,2022-10-10,present
7,59,2022-10-12,present
7,59,2022-10-14,absent
7,59,2022-10-17,absent
7,59,2022-10-19,present
7,59,2022-10-21,absent
7,59,2022-10-24,absent
7,59,2022-10-26,present
7,59,2022-10-28,present
7,59,2022-10-31,absent
7,59,2022-11-02,absent
8,87,2022-09-19,present
8,87,2022-09-21,present
8,87,2022-09-23,absent
8,87,2022-09-26,present
8,87,2022-09-28,present
8,87,2022-09-30,present
8,87,2022-10-03,present
8,87,2022-10-05,absent
8,87,2022-10-07,present
8,87,2022-10-10,present
8,87,2022-10-12,present
8,87,2022-10-14,absent
8,87,2022-10-17,absent
8,87,2022-10-19,present
8,87,2022-10-21,present
8,87,2022-10-24,present
8,87,2022-10-26,present
8,87,2022-10-28,present
8,87,2022-10-31,absent
8,87,2022-11-02,present
9,78,2022-09-19,absent
9,78,2022-09-21,present
9,78,2022-09-23,present
9,78,2022-09-26,present
9,78,2022-09-28,absent
9,78,2022-09-30,absent
9,78,2022-10-03,present
9,78,2022-10-05,absent
9,78,2022-10-07,present
9,78,2022-10-10,present
9,78,2022-10-12,absent
9,78,2022-10-14,present
9,78,2022-10-17,absent
9,78,2022-10-19,present
9,78,2022-10-21,present
9,78,2022-10-24,present
9,78,2022-10-26,present
9,78,2022-10-28,present
9,78,2022-10-31,absent
9,78,2022-11-02,present
10,75,2022-09-19,present
10,75,2022-09-21,absent
10,75,2022-09-23,present
10,75,2022-09-26,absent
10,75,2022-09-28,absent
10,75,2022-09-30,present
10,75,2022-10-03,present
10,75,2022-10-05,absent
10,75,2022-10-07,present
10,75,2022-10-10,present
10,75,2022-10-12,absent
10,75,2022-10-14,present
10,75,2022-10-17,present
10,75,2022-10-19,present
10,75,2022-10-21,present
10,75,2022-10-24,absent
10,75,2022-10-26,present
10,75,2022-10-28,absent
10,75,2022-10-31,absent
10,75,2022-11-02,absent
11,39,2022-09-19,present
11,39,2022-09-21,present
11,39,2022-09-23,present
11,39,2022-09-26,absent
11,39,2022-09-28,present
11,39,2022-09-30,absent
11,39,2022-10-03,absent
11,39,2022-10-05,absent
11,39,2022-10-07,absent
11,39,2022-10-10,absent
11,39,2022-10-12,absent
11,39,2022-10-14,absent
11,39,2022-10-17,present
11,39,2022-10-19,absent
11,39,2022-10-21,absent
11,39,2022-10-24,absent
11,39,2022-10-26,present
11,39,2022-10-28,absent
11,39,2022-10-31,absent
11,39,2022-11-02,present
12,77,2022-09-19,present
12,77,2022-09-21,present
12,77,2022-09-23,absent
12,77,2022-09-26,absent
12,77,2022-09-28,present
12,77,2022-09-30,present
12,77,2022-10-03,present
12,77,2022-10-05,present
12,77,2022-10-07,present
12,77,2022-10-10,present
12,77,2022-10-12,present
12,77,2022-10-14,present
12,77,2022-10-17,absent
12,77,2022-10-19,absent
12,77,2022-10-21,absent
12,77,2022-10-24,present
12,77,2022-10-26,absent
12,77,2022-10-28,present
12,77,2022-10-31,present
12,77,2022-11-02,absent
13,63,2022-09-19,present
13,63,2022-09-21,present
13,63,2022-09-23,absent
13,63,2022-09-26,absent
13,63,2022-09-28,present
13,63,2022-09-30,present
13,63,2022-10-03,present
13,63,2022-10-05,absent
13,63,2022-10-07,present
13,63,2022-10-10,absent
13,63,2022-10-12,present
13,63,2022-10-14,absent
13,63,2022-10-17,present
13,63,2022-10-19,present
13,63,2022-10-21,absent
13,63,2022-10-24,present
13,63,2022-10-26,absent
13,63,2022-10-28,present
13,63,2022-10-31,present
13,63,2022-11-02,absent
14,70,2022-09-19,present
14,70,2022-09-21,present
14,70,2022-09-23,present
14,70,2022-09-26,present
14,70,2022-09-28,absent
14,70,2022-09-30,present
14,70,2022-10-03,absent
14,70,2022-10-05,present
14,70,2022-10-07,present
14,70,2022-10-10,present
14,70,2022-10-12,present
14,70,2022-10-14,absent
14,70,2022-10-17,present
14,70,2022-10-19,absent
14,70,2022-10-21,absent
14,70,2022-10-24,absent
14,70,2022-10-26,absent
14,70,2022-10-28,absent
14,70,2022-10-31,absent
14,70,2022-11-02,present
15,87,2022-09-19,absent
15,87,2022-09-21,present
15,87,2022-09-23,present
15,87,2022-09-26,absent
15,87,2022-09-28,absent
15,87,2022-09-30,present
15,87,2022-10-03,present
15,87,2022-10-05,absent
15,87,2022-10-07,present
15,87,2022-10-10,present
15,87,2022-10-12,present
15,87,2022-10-14,absent
15,87,2022-10-17,present
15,87,2022-10-19,present
15,87,2022-10-21,absent
15,87,2022-10-24,present
15,87,2022-10-26,present
15,87,2022-10-28,absent
15,87,2022-10-31,present
15,87,2022-11-02,absent
16,60,2022-09-19,present
16,60,2022-09-21,present
16,60,2022-09-23,absent
16,60,2022-09-26,absent
16,60,2022-09-28,absent
16,60,2022-09-30,absent
16,60,2022-10-03,absent
16,60,2022-10-05,present
16,60,2022-10-07,absent
16,60,2022-10-10,present
16,60,2022-10-12,present
16,60,2022-10-14,present
16,60,2022-10-17,absent
16,60,2022-10-19,present
16,60,2022-10-21,absent
16,60,2022-10-24,present
16,60,2022-10-26,present
16,60,2022-10-28,present
16,60,2022-10-31,present
16,60,2022-11-02,present
17,66,2022-09-19,present
17,66,2022-09-21,absent
17,66,2022-09-23,absent
17,66,2022-09-26,present
17,66,2022-09-28,present
17,66,2022-09-30,absent
17,66,2022-10-03,present
17,66,2022-10-05,absent
17,66,2022-10-07,present
17,66,2022-10-10,present
17,66,2022-10-12,present
17,66,2022-10-14,present
17,66,2022-10-17,absent
17,66,2022-10-19,present
17,66,2022-10-21,present
17,66,2022-10-24,present
17,66,2022-10-26,absent
17,66,2022-10-28,present
17,66,2022-10-31,absent
17,66,2022-11-02,absent
18,81,2022-09-19,present
18,81,2022-09-21,present
18,81,2022-09-23,present
18,81,2022-09-26,present
18,81,2022-09-28,present
18,81,2022-09-30,present
18,81,2022-10-03,present
18,81,2022-10-05,present
18,81,2022-10-07,absent
18,81,2022-10-10,present
18,81,2022-10-12,present
18,81,2022-10-14,absent
18,81,2022-10-17,present
18,81,2022-10-19,present
18,81,2022-10-21,absent
18,81,2022-10-24,present
18,81,2022-10-26,absent
18,81,2022-10-28,absent
18,81,2022-10-31,absent
18,81,2022-11-02,absent
19,66,2022-09-19,present
19,66,2022-09-21,present
19,66,2022-09-23,present
19,66,2022-09-26,absent
19,66,2022-09-28,absent
19,66,2022-09-30,absent
19,66,2022-10-03,present
19,66,2022-10-05,present
19,66,2022-10-07,absent
19,66,2022-10-10,present
19,66,2022-10-12,present
19,66,2022-10-14,absent
19,66,2022-10-17,present
19,66,2022-10-19,present
19,66,2022-10-21,absent
19,66,2022-10-24,absent
19,66,2022-10-26,present
19,66,2022-10-28,present
19,66,2022-10-31,absent
19,66,2022-11-02,present
20,82,2022-09-19,present
20,82,2022-09-21,absent
20,82,2022-09-23,absent
20,82,2022-09-26,absent
20,82,2022-09-28,absent
20,82,2022-09-30,present
20,82,2022-10-03,present
20,82,2022-10-05,present
20,82,2022-10-07,present
20,82,2022-10-10,present
20,82,2022-10-12,absent
20,82,2022-10-14,absent
20,82,2022-10-17,present
20,82,2022-10-19,absent
20,82,2022-10-21,present
20,82,2022-10-24,present
20,82,2022-10-26,present
20,82,2022-10-28,absent
20,82,2022-10-31,present
20,82,2022-11-02,absent
21,88,2022-09-19,absent
21,88,2022-09-21,present
21,88,2022-09-23,present
21,88,2022-09-26,present
21,88,2022-09-28,absent
21,88,2022-09-30,present
21,88,2022-10-03,absent
21,88,2022-10-05,present
21,88,2022-10-07,absent
21,88,2022-10-10,present
21,88,2022-10-12,present
21,88,2022-10-14,present
21,88,2022-10-17,present
21,88,2022-10-19,present
21,88,2022-10-21,present
21,88,2022-10-24,present
21,88,2022-10-26,absent
21,88,2022-10-28,absent
21,88,2022-10-31,present
21,88,2022-11-02,present
22,98,2022-09-19,present
22,98,2022-09-21,present
22,98,2022-09-23,present
22,98,2022-09-26,absent
22,98,2022-09-28,present
22,98,2022-09-30,absent
22,98,2022-10-03,present
22,98,2022-10-05,present
22,98,2022-10-07,present
22,98,2022-10-10,present
22,98,2022-10-12,present
22,98,2022-10-14,present
22,98,2022-10-17,present
22,98,2022-10-19,present
22,98,2022-10-21,present
22,98,2022-10-24,present
22,98,2022-10-26,present
22,98,2022-10-28,present
22,98,2022-10-31,present
22,98,2022-11-02,present
23,48,2022-09-19,absent
23,48,2022-09-21,present
23,48,2022-09-23,present
23,48,2022-09-26,absent
23,48,2022-09-28,present
23,48,2022-09-30,present
23,48,2022-10-03,absent
23,48,2022-10-05,present
23,48,2022-10-07,present
23,48,2022-10-10,absent
23,48,2022-10-12,present
23,48,2022-10-14,present
23,48,2022-10-17,absent
23,48,2022-10-19,absent
23,48,2022-10-21,absent
23,48,2022-10-24,absent
23,48,2022-10-26,absent
23,48,2022-10-28,present
23,48,2022-10-31,present
23,48,2022-11-02,absent
24,98,2022-09-19,absent
24,98,2022-09-21,present
24,98,2022-09-23,present
24,98,2022-09-26,absent
24,98,2022-09-28,absent
24,98,2022-09-30,present
24,98,2022-10-03,absent
24,98,2022-10-05,present
24,98,2022-10-07,absent
24,98,2022-10-10,present
24,98,2022-10-12,present
24,98,2022-10-14,absent
24,98,2022-10-17,present
24,98,2022-10-19,absent
24,98,2022-10-21,present
24,98,2022-10-24,present
24,98,2022-10-26,present
24,98,2022-10-28,present
24,98,2022-10-31,present
24,98,2022-11-02,present
25,44,2022-09-19,absent
25,44,2022-09-21,present
25,44,2022-09-23,absent
25,44,2022-09-26,absent
25,44,2022-09-28,present
25,44,2022-09-30,absent
25,44,2022-10-03,present
25,44,2022-10-05,present
25,44,2022-10-07,present
25,44,2022-10-10,absent
25,44,2022-10-12,absent
25,44,2022-10-14,absent
25,44,2022-10-17,present
25,44,2022-10-19,absent
25,44,2022-10-21,present
25,44,2022-10-24,present
25,44,2022-10-26,present
25,44,2022-10-28,present
25,44,2022-10-31,absent
25,44,2022-11-02,absent
26,72,2022-09-19,present
26,72,2022-09-21,present
26,72,2022-09-23,present
26,72,2022-09-26,present
26,72,2022-09-28,absent
26,72,2022-09-30,absent
26,72,2022-10-03,present
26,72,2022-10-05,present
26,72,2022-10-07,present
26,72,2022-10-10,present
26,72,2022-10-12,present
26,72,2022-10-14,absent
26,72,2022-10-17,absent
26,72,2022-10-19,present
26,72,2022-10-21,present
26,72,2022-10-24,present
26,72,2022-10-26,absent
26,72,2022-10-28,present
26,72,2022-10-31,absent
26,72,2022-11-02,present
27,85,2022-09-19,present
27,85,2022-09-21,absent
27,85,2022-09-23,present
27,85,2022-09-26,absent
27,85,2022-09-28,present
27,85,2022-09-30,present
27,85,2022-10-03,absent
27,85,2022-10-05,present
27,85,2022-10-07,present
27,85,2022-10-10,present
27,85,2022-10-12,present
27,85,2022-10-14,absent
27,85,2022-10-17,present
27,85,2022-10-19,present
27,85,2022-10-21,present
27,85,2022-10-24,present
27,85,2022-10-26,present
27,85,2022-10-28,absent
27,85,2022-10-31,absent
27,85,2022-11-02,present
28,60,2022-09-19,present
28,60,2022-09-21,present
28,60,2022-09-23,absent
28,60,2022-09-26,present
28,60,2022-09-28,present
28,60,2022-09-30,absent
28,60,2022-10-03,absent
28,60,2022-10-05,present
28,60,2022-10-07,present
28,60,2022-10-10,absent
28,60,2022-10-12,absent
28,60,2022-10-14,absent
28,60,2022-10-17,absent
28,60,2022-10-19,absent
28,60,2022-10-21,absent
28,60,2022-10-24,absent
28,60,2022-10-26,present
28,60,2022-10-28,present
28,60,2022-10-31,present
28,60,2022-11-02,absent
29,57,2022-09-19,absent
29,57,2022-09-21,absent
29,57,2022-09-23,present
29,57,2022-09-26,present
29,57,2022-09-28,absent
29,57,2022-09-30,present
29,57,2022-10-03,absent
29,57,2022-10-05,present
29,57,2022-10-07,absent
29,57,2022-10-10,present
29,57,2022-10-12,present
29,57,2022-10-14,absent
29,57,2022-10-17,present
29,57,2022-10-19,absent
29,57,2022-10-21,absent
29,57,2022-10-24,absent
29,57,2022-10-26,present
29,57,2022-10-28,present
29,57,2022-10-31,present
29,57,2022-11-02,present
30,69,2022-09-19,present
30,69,2022-09-21,present
30,69,2022-09-23,present
30,69,2022-09-26,present
30,69,2022-09-28,present
30,69,2022-09-30,present
30,69,2022-10-03,present
30,69,2022-10-05,present
30,69,2022-10-07,absent
30,69,2022-10-10,absent
30,69,2022-10-12,absent
30,69,2022-10-14,present
30,69,2022-10-17,present
30,69,2022-10-19,present
30,69,2022-10-21,present
30,69,2022-10-24,present
30,69,2022-10-26,present
30,69,2022-10-28,absent
30,69,2022-10-31,absent
30,69,2022-11-02,absent
31,65,2022-09-19,present
31,65,2022-09-21,absent
31,65,2022-09-23,absent
31,65,2022-09-26,absent
31,65,2022-09-28,present
31,65,2022-09-30,present
31,65,2022-10-03,present
31,65,2022-10-05,absent
31,65,2022-10-07,present
31,65,2022-10-10,present
31,65,2022-10-12,absent
31,65,2022-10-14,absent
31,65,2022-10-17,present
31,65,2022-10-19,absent
31,65,2022-10-21,present
31,65,2022-10-24,present
31,65,2022-10-26,absent
31,65,2022-10-28,present
31,65,2022-10-31,present
31,65,2022-11-02,absent
32,69,2022-09-19,present
32,69,2022-09-21,present
32,69,2022-09-23,present
32,69,2022-09-26,present
32,69,2022-09-28,absent
32,69,2022-09-30,present
32,69,2022-10-03,absent
32,69,2022-10-05,present
32,69,2022-10-07,present
32,69,2022-10-10,absent
32,69,2022-10-12,present
32,69,2022-10-14,present
32,69,2022-10-17,absent
32,69,2022-10-19,present
32,69,2022-10-21,present
32,69,2022-10-24,absent
32,69,2022-10-26,present
32,69,2022-10-28,absent
32,69,2022-10-31,absent
32,69,2022-11-02,present
33,60,2022-09-19,absent
33,60,2022-09-21,present
33,60,2022-09-23,present
33,60,2022-09-26,present
33,60,2022-09-28,present
33,60,2022-09-30,absent
33,60,2022-10-03,present
33,60,2022-10-05,absent
33,60,2022-10-07,present
33,60,2022-10-10,present
33,60,2022-10-12,absent
33,60,2022-10-14,absent
33,60,2022-10-17,absent
33,60,2022-10-19,absent
33,60,2022-10-21,present
33,60,2022-10-24,absent
33,60,2022-10-26,absent
33,60,2022-10-28,present
33,60,2022-10-31,present
33,60,2022-11-02,present
34,80,2022-09-19,present
34,80,2022-09-21,present
34,80,2022-09-23,absent
34,80,2022-09-26,absent
34,80,2022-09-28,absent
34,80,2022-09-30,present
34,80,2022-10-03,present
34,80,2022-10-05,present
34,80,2022-10-07,present
34,80,2022-10-10,present
34,80,2022-10-12,present
34,80,2022-10-14,present
34,80,2022-10-17,absent
34,80,2022-10-19,present
34,80,2022-10-21,absent
34,80,2022-10-24,present
34,80,2022-10-26,absent
34,80,2022-10-28,present
34,80,2022-10-31,present
34,80,2022-11-02,absent
35,96,2022-09-19,absent
35,96,2022-09-21,absent
35,96,2022-09-23,present
35,96,2022-09-26,present
35,96,2022-09-28,present
35,96,2022-09-30,present
35,96,2022-10-03,present
35,96,2022-10-05,present
35,96,2022-10-07,absent
35,96,2022-10-10,present
35,96,2022-10-12,absent
35,96,2022-10-14,present
35,96,2022-10-17,present
35,96,2022-10-19,absent
35,96,2022-10-21,present
35,96,2022-10-24,absent
35,96,2022-10-26,present
35,96,2022-10-28,present
35,96,2022-10-31,absent
35,96,2022-11-02,absent
36,74,2022-09-19,present
36,74,2022-09-21,absent
36,74,2022-09-23,present
36,74,2022-09-26,present
36,74,2022-09-28,absent
36,74,2022-09-30,present
36,74,2022-10-03,present
36,74,2022-10-05,present
36,74,2022-10-07,present
36,74,2022-10-10,present
36,74,2022-10-12,present
36,74,2022-10-14,absent
36,74,2022-10-17,absent
36,74,2022-10-19,absent
36,74,2022-10-21,absent
36,74,2022-10-24,present
36,74,2022-10-26,absent
36,74,2022-10-28,absent
36,74,2022-10-31,absent
36,74,2022-11-02,present
37,66,2022-09-19,present
37,66,2022-09-21,absent
37,66,2022-09-23,absent
37,66,2022-09-26,absent
37,66,2022-09-28,present
37,66,2022-09-30,present
37,66,2022-10-03,absent
37,66,2022-10-05,absent
37,66,2022-10-07,present
37,66,2022-10-10,present
37,66,2022-10-12,present
37,66,2022-10-14,present
37,66,2022-10-17,present
37,66,2022-10-19,present
37,66,2022-10-21,absent
37,66,2022-10-24,absent
37,66,2022-10-26,absent
37,66,2022-10-28,present
37,66,2022-10-31,absent
37,66,2022-11-02,present
38,66,2022-09-19,absent
38,66,2022-09-21,absent
38,66,2022-09-23,absent
38,66,2022-09-26,present
38,66,2022-09-28,present
38,66,2022-09-30,present
38,66,2022-10-03,present
38,66,2022-10-05,present
38,66,2022-10-07,present
38,66,2022-10-10,absent
38,66,2022-10-12,absent
38,66,2022-10-14,present
38,66,2022-10-17,absent
38,66,2022-10-19,present
38,66,2022-10-21,absent
38,66,2022-10-24,present
38,66,2022-10-26,present
38,66,2022-10-28,absent
38,66,2022-10-31,present
38,66,2022-11-02,absent
39,63,2022-09-19,present
39,63,2022-09-21,absent
39,63,2022-09-23,present
39,63,2022-09-26,present
39,63,2022-09-28,absent
39,63,2022-09-30,absent
39,63,2022-10-03,absent
39,63,2022-10-05,present
39,63,2022-10-07,present
39,63,2022-10-10,absent
39,63,2022-10-12,present
39,63,2022-10-14,absent
39,63,2022-10-17,absent
39,63,2022-10-19,absent
39,63,2022-10-21,present
39,63,2022-10-24,present
39,63,2022-10-26,present
39,63,2022-10-28,absent
39,63,2022-10-31,present
39,63,2022-11-02,present
40,92,2022-09-19,absent
40,92,2022-09-21,present
40,92,2022-09-23,present
40,92,2022-09-26,present
40,92,2022-09-28,absent
40,92,2022-09-30,present
40,92,2022-10-03,present
40,92,2022-10-05,present
40,92,2022-10-07,absent
40,92,2022-10-10,absent
40,92,2022-10-12,present
40,92,2022-10-14,absent
40,92,2022-10-17,present
40,92,2022-10-19,present
40,92,2022-10-21,present
40,92,2022-10-24,absent
40,92,2022-10-26,absent
40,92,2022-10-28,present
40,92,2022-10-31,present
40,92,2022-11-02,present
41,89,2022-09-19,present
41,89,2022-09-21,present
41,89,2022-09-23,present
41,89,2022-09-26,present
41,89,2022-09-28,present
41,89,2022-09-30,present
41,89,2022-10-03,present
41,89,2022-10-05,present
41,89,2022-10-07,present
41,89,2022-10-10,absent
41,89,2022-10-12,present
41,89,2022-10-14,present
41,89,2022-10-17,present
41,89,2022-10-19,present
41,89,2022-10-21,absent
41,89,2022-10-24,present
41,89,2022-10-26,present
41,89,2022-10-28,present
41,89,2022-10-31,present
41,89,2022-11-02,absent
42,78,2022-09-19,absent
42,78,2022-09-21,present
42,78,2022-09-23,present
42,78,2022-09-26,present
42,78,2022-09-28,absent
42,78,2022-09-30,absent
42,78,2022-10-03,present
42,78,2022-10-05,absent
42,78,2022-10-07,present
42,78,2022-10-10,present
42,78,2022-10-12,present
42,78,2022-10-14,present
42,78,2022-10-17,present
42,78,2022-10-19,present
42,78,2022-10-21,present
42,78,2022-10-24,present
42,78,2022-10-26,present
42,78,2022-10-28,present
42,78,2022-10-31,present
42,78,2022-11-02,present
43,61,2022-09-19,absent
43,61,2022-09-21,absent
43,61,2022-09-23,present
43,61,2022-09-26,present
43,61,2022-09-28,absent
43,61,2022-09-30,absent
43,61,2022-10-03,absent
43,61,2022-10-05,present
43,61,2022-10-07,present
43,61,2022-10-10,present
43,61,2022-10-12,present
43,61,2022-10-14,absent
43,61,2022-10-17,present
43,61,2022-10-19,absent
43,61,2022-10-21,absent
43,61,2022-10-24,present
43,61,2022-10-26,present
43,61,2022-10-28,absent
43,61,2022-10-31,present
43,61,2022-11-02,present
44,71,2022-09-19,absent
44,71,2022-09-21,absent
44,71,2022-09-23,absent
44,71,2022-09-26,present
44,71,2022-09-28,present
44,71,2022-09-30,present
44,71,2022-10-03,present
44,71,2022-10-05,present
44,71,2022-10-07,present
44,71,2022-10-10,present
44,71,2022-10-12,absent
44,71,2022-10-14,present
44,71,2022-10-17,absent
44,71,2022-10-19,present
44,71,2022-10-21,present
44,71,2022-10-24,present
44,71,2022-10-26,absent
44,71,2022-10-28,absent
44,71,2022-10-31,present
44,71,2022-11-02,absent
45,60,2022-09-19,present
45,60,2022-09-21,absent
45,60,2022-09-23,absent
45,60,2022-09-26,present
45,60,2022-09-28,present
45,60,2022-09-30,present
45,60,2022-10-03,absent
45,60,2022-10-05,present
45,60,2022-10-07,present
45,60,2022-10-10,present
45,60,2022-10-12,present
45,60,2022-10-14,present
45,60,2022-10-17,absent
45,60,2022-10-19,present
45,60,2022-10-21,present
45,60,2022-10-24,present
45,60,2022-10-26,absent
45,60,2022-10-28,absent
45,60,2022-10-31,absent
45,60,2022-11-02,present
46,54,2022-09-19,absent
46,54,2022-09-21,absent
46,54,2022-09-23,present
46,54,2022-09-26,present
46,54,2022-09-28,absent
46,54,2022-09-30,present
46,54,2022-10-03,absent
46,54,2022-10-05,present
46,54,2022-10-07,absent
46,54,2022-10-10,present
46,54,2022-10-12,absent
46,54,2022-10-14,absent
46,54,2022-10-17,present
46,54,2022-10-19,present
46,54,2022-10-21,present
46,54,2022-10-24,present
46,54,2022-10-26,absent
46,54,2022-10-28,absent
46,54,2022-10-31,present
46,54,2022-11-02,absent
47,83,2022-09-19,absent
47,83,2022-09-21,absent
47,83,2022-09-23,present
47,83,2022-09-26,present
47,83,2022-09-28,present
47,83,2022-09-30,present
47,83,2022-10-03,present
47,83,2022-10-05,present
47,83,2022-10-07,absent
47,83,2022-10-10,present
47,83,2022-10-12,present
47,83,2022-10-14,absent
47,83,2022-10-17,present
47,83,2022-10-19,present
47,83,2022-10-21,present
47,83,2022-10-24,present
47,83,2022-10-26,absent
47,83,2022-10-28,present
47,83,2022-10-31,absent
47,83,2022-11-02,absent
48,60,2022-09-19,present
48,60,2022-09-21,present
48,60,2022-09-23,present
48,60,2022-09-26,absent
48,60,2022-09-28,absent
48,60,2022-09-30,absent
48,60,2022-10-03,present
48,60,2022-10-05,absent
48,60,2022-10-07,present
48,60,2022-10-10,absent
48,60,2022-10-12,absent
48,60,2022-10-14,present
48,60,2022-10-17,present
48,60,2022-10-19,present
48,60,2022-10-21,present
48,60,2022-10-24,present
48,60,2022-10-26,absent
48,60,2022-10-28,absent
48,60,2022-10-31,absent
48,60,2022-11-02,absent
49,74,2022-09-19,absent
49,74,2022-09-21,present
49,74,2022-09-23,absent
49,74,2022-09-26,present
49,74,2022-09-28,present
49,74,2022-09-30,absent
49,74,2022-10-03,present
49,74,2022-10-05,absent
49,74,2022-10-07,present
49,74,2022-10-10,absent
49,74,2022-10-12,absent
49,74,2022-10-14,present
49,74,2022-10-17,present
49,74,2022-10-19,present
49,74,2022-10-21,present
49,74,2022-10-24,present
49,74,2022-10-26,absent
49,74,2022-10-28,absent
49,74,2022-10-31,absent
49,74,2022-11-02,present
50,77,2022-09-19,present
50,77,2022-09-21,present
50,77,2022-09-23,present
50,77,2022-09-26,absent
50,77,2022-09-28,present
50,77,2022-09-30,absent
50,77,2022-10-03,present
50,77,2022-10-05,present
50,77,2022-10-07,absent
50,77,2022-10-10,absent
50,77,2022-10-12,present
50,77,2022-10-14,absent
50,77,2022-10-17,present
50,77,2022-10-19,present
50,77,2022-10-21,absent
50,77,2022-10-24,present
50,77,2022-10-26,absent
50,77,2022-10-28,present
50,77,2022-10-31,absent
50,77,2022-11-02,present
51,70,2022-09-19,absent
51,70,2022-09-21,absent
51,70,2022-09-23,present
51,70,2022-09-26,present
51,70,2022-09-28,present
51,70,2022-09-30,present
51,70,2022-10-03,absent
51,70,2022-10-05,present
51,70,2022-10-07,present
51,70,2022-10-10,present
51,70,2022-10-12,absent
51,70,2022-10-14,present
51,70,2022-10-17,present
51,70,2022-10-19,absent
51,70,2022-10-21,present
51,70,2022-10-24,present
51,70,2022-10-26,present
51,70,2022-10-28,absent
51,70,2022-10-31,present
51,70,2022-11-02,present
52,51,2022-09-19,present
52,51,2022-09-21,present
52,51,2022-09-23,present
52,51,2022-09-26,present
52,51,2022-09-28,absent
52,51,2022-09-30,absent
52,51,2022-10-03,absent
52,51,2022-10-05,absent
52,51,2022-10-07,present
52,51,2022-10-10,present
52,51,2022-10-12,present
52,51,2022-10-14,present
52,51,2022-10-17,absent
52,51,2022-10-19,present
52,51,2022-10-21,absent
52,51,2022-10-24,absent
52,51,2022-10-26,present
52,51,2022-10-28,absent
52,51,2022-10-31,absent
52,51,2022-11-02,present
53,76,2022-09-19,present
53,76,2022-09-21,present
53,76,2022-09-23,absent
53,76,2022-09-26,present
53,76,2022-09-28,absent
53,76,2022-09-30,present
53,76,2022-10-03,present
53,76,2022-10-05,present
53,76,2022-10-07,present
53,76,2022-10-10,present
53,76,2022-10-12,present
53,76,2022-10-14,present
53,76,2022-10-17,present
53,76,2022-10-19,absent
53,76,2022-10-21,absent
53,76,2022-10-24,present
53,76,2022-10-26,present
53,76,2022-10-28,absent
53,76,2022-10-31,present
53,76,2022-11-02,present
54,64,2022-09-19,present
54,64,2022-09-21,absent
54,64,2022-09-23,absent
54,64,2022-09-26,present
54,64,2022-09-28,absent
54,64,2022-09-30,present
54,64,2022-10-03,present
54,64,2022-10-05,present
54,64,2022-10-07,absent
54,64,2022-10-10,absent
54,64,2022-10-12,present
54,64,2022-10-14,absent
54,64,2022-10-17,absent
54,64,2022-10-19,present
54,64,2022-10-21,present
54,64,2022-10-24,present
54,64,2022-10-26,absent
54,64,2022-10-28,present
54,64,2022-10-31,present
54,64,2022-11-02,present
55,87,2022-09-19,absent
55,87,2022-09-21,present
55,87,2022-09-23,absent
55,87,2022-09-26,absent
55,87,2022-09-28,absent
55,87,2022-09-30,present
55,87,2022-10-03,present
55,87,2022-10-05,present
55,87,2022-10-07,present
55,87,2022-10-10,present
55,87,2022-10-12,absent
55,87,2022-10-14,absent
55,87,2022-10-17,present
55,87,2022-10-19,present
55,87,2022-10-21,present
55,87,2022-10-24,present
55,87,2022-10-26,present
55,87,2022-10-28,present
55,87,2022-10-31,absent
55,87,2022-11-02,present
56,73,2022-09-19,absent
56,73,2022-09-21,present
56,73,2022-09-23,present
56,73,2022-09-26,absent
56,73,2022-09-28,present
56,73,2022-09-30,present
56,73,2022-10-03,absent
56,73,2022-10-05,present
56,73,2022-10-07,present
56,73,2022-10-10,present
56,73,2022-10-12,present
56,73,2022-10-14,present
56,73,2022-10-17,present
56,73,2022-10-19,present
56,73,2022-10-21,present
56,73,2022-10-24,absent
56,73,2022-10-26,present
56,73,2022-10-28,present
56,73,2022-10-31,absent
56,73,2022-11-02,absent
57,55,2022-09-19,absent
57,55,2022-09-21,absent
57,55,2022-09-23,absent
57,55,2022-09-26,absent
57,55,2022-09-28,absent
57,55,2022-09-30,present
57,55,2022-10-03,absent
57,55,2022-10-05,present
57,55,2022-10-07,absent
57,55,2022-10-10,absent
57,55,2022-10-12,present
57,55,2022-10-14,absent
57,55,2022-10-17,present
57,55,2022-10-19,absent
57,55,2022-10-21,absent
57,55,2022-10-24,present
57,55,2022-10-26,present
57,55,2022-10-28,present
57,55,2022-10-31,present
57,55,2022-11-02,absent
58,58,2022-09-19,absent
58,58,2022-09-21,present
58,58,2022-09-23,absent
58,58,2022-09-26,absent
58,58,2022-09-28,absent
58,58,2022-09-30,present
58,58,2022-10-03,present
58,58,2022-10-05,absent
58,58,2022-10-07,present
58,58,2022-10-10,absent
58,58,2022-10-12,absent
58,58,2022-10-14,present
58,58,2022-10-17,present
58,58,2022-10-19,absent
58,58,2022-10-21,present
58,58,2022-10-24,present
58,58,2022-10-26,absent
58,58,2022-10-28,absent
58,58,2022-10-31,absent
58,58,2022-11-02,present
59,69,2022-09-19,absent
59,69,2022-09-21,present
59,69,2022-09-23,present
59,69,2022-09-26,absent
59,69,2022-09-28,absent
59,69,2022-09-30,present
59,69,2022-10-03,present
59,69,2022-10-05,absent
59,69,2022-10-07,absent
59,69,2022-10-10,present
59,69,2022-10-12,absent
59,69,2022-10-14,present
59,69,2022-10-17,present
59,69,2022-10-19,absent
59,69,2022-10-21,present
59,69,2022-10-24,present
59,69,2022-10-26,absent
59,69,2022-10-28,present
59,69,2022-10-31,present
59,69,2022-11-02,absent
60,58,2022-09-19,present
60,58,2022-09-21,absent
60,58,2022-09-23,absent
60,58,2022-09-26,present
60,58,2022-09-28,absent
60,58,2022-09-30,absent
60,58,2022-10-03,present
60,58,2022-10-05,present
60,58,2022-10-07,absent
60,58,2022-10-10,present
60,58,2022-10-12,present
60,58,2022-10-14,absent
60,58,2022-10-17,present
60,58,2022-10-19,absent
60,58,2022-10-21,present
60,58,2022-10-24,absent
60,58,2022-10-26,present
60,58,2022-10-28,absent
60,58,2022-10-31,present
60,58,2022-11-02,present
61,84,2022-09-19,present
61,84,2022-09-21,present
61,84,2022-09-23,present
61,84,2022-09-26,absent
61,84,2022-09-28,present
61,84,2022-09-30,present
61,84,2022-10-03,present
61,84,2022-10-05,present
61,84,2022-10-07,absent
61,84,2022-10-10,absent
61,84,2022-10-12,absent
61,84,2022-10-14,absent
61,84,2022-10-17,absent
61,84,2022-10-19,present
61,84,2022-10-21,present
61,84,2022-10-24,present
61,84,2022-10-26,present
61,84,2022-10-28,present
61,84,2022-10-31,present
61,84,2022-11-02,present
62,67,2022-09-19,present
62,67,2022-09-21,present
62,67,2022-09-23,present
62,67,2022-09-26,present
62,67,2022-09-28,absent
62,67,2022-09-30,absent
62,67,2022-10-03,present
62,67,2022-10-05,present
62,67,2022-10-07,present
62,67,2022-10-10,present
62,67,2022-10-12,absent
62,67,2022-10-14,absent
62,67,2022-10-17,absent
62,67,2022-10-19,present
62,67,2022-10-21,present
62,67,2022-10-24,present
62,67,2022-10-26,present
62,67,2022-10-28,absent
62,67,2022-10-31,present
62,67,2022-11-02,absent
63,98,2022-09-19,present
63,98,2022-09-21,present
63,98,2022-09-23,present
63,98,2022-09-26,present
63,98,2022-09-28,absent
63,98,2022-09-30,present
63,98,2022-10-03,present
63,98,2022-10-05,present
63,98,2022-10-07,present
63,98,2022-10-10,present
63,98,2022-10-12,present
63,98,2022-10-14,present
63,98,2022-10-17,absent
63,98,2022-10-19,present
63,98,2022-10-21,present
63,98,2022-10-24,present
63,98,2022-10-26,present
63,98,2022-10-28,absent
63,98,2022-10-31,present
63,98,2022-11-02,absent
64,52,2022-09-19,present
64,52,2022-09-21,present
64,52,2022-09-23,absent
64,52,2022-09-26,present
64,52,2022-09-28,present
64,52,2022-09-30,absent
64,52,2022-10-03,present
64,52,2022-10-05,present
64,52,2022-10-07,absent
64,52,2022-10-10,absent
64,52,2022-10-12,present
64,52,2022-10-14,present
64,52,2022-10-17,absent
64,52,2022-10-19,absent
64,52,2022-10-21,absent
64,52,2022-10-24,present
64,52,2022-10-26,absent
64,52,2022-10-28,absent
64,52,2022-10-31,absent
64,52,2022-11-02,present
65,62,2022-09-19,absent
65,62,2022-09-21,absent
65,62,2022-09-23,absent
65,62,2022-09-26,present
65,62,2022-09-28,present
65,62,2022-09-30,present
65,62,2022-10-03,absent
65,62,2022-10-05,absent
65,62,2022-10-07,present
65,62,2022-10-10,present
65,62,2022-10-12,present
65,62,2022-10-14,present
65,62,2022-10-17,absent
65,62,2022-10-19,absent
65,62,2022-10-21,absent
65,62,2022-10-24,present
65,62,2022-10-26,present
65,62,2022-10-28,present
65,62,2022-10-31,present
65,62,2022-11-02,present
66,90,2022-09-19,absent
66,90,2022-09-21,absent
66,90,2022-09-23,present
66,90,2022-09-26,present
66,90,2022-09-28,present
66,90,2022-09-30,present
66,90,2022-10-03,present
66,90,2022-10-05,present
66,90,2022-10-07,present
66,90,2022-10-10,present
66,90,2022-10-12,present
66,90,2022-10-14,present
66,90,2022-10-17,present
66,90,2022-10-19,absent
66,90,2022-10-21,present
66,90,2022-10-24,present
66,90,2022-10-26,present
66,90,2022-10-28,absent
66,90,2022-10-31,absent
66,90,2022-11-02,present
67,74,2022-09-19,present
67,74,2022-09-21,present
67,74,2022-09-23,absent
67,74,2022-09-26,present
67,74,2022-09-28,present
67,74,2022-09-30,absent
67,74,2022-10-03,present
67,74,2022-10-05,present
67,74,2022-10-07,absent
67,74,2022-10-10,absent
67,74,2022-10-12,present
67,74,2022-10-14,present
67,74,2022-10-17,present
67,74,2022-10-19,present
67,74,2022-10-21,absent
67,74,2022-10-24,absent
67,74,2022-10-26,absent
67,74,2022-10-28,present
67,74,2022-10-31,absent
67,74,2022-11-02,present
68,77,2022-09-19,present
68,77,2022-09-21,present
68,77,2022-09-23,absent
68,77,2022-09-26,present
68,77,2022-09-28,absent
68,77,2022-09-30,present
68,77,2022-10-03,absent
68,77,2022-10-05,present
68,77,2022-10-07,absent
68,77,2022-10-10,present
68,77,2022-10-12,present
68,77,2022-10-14,present
68,77,2022-10-17,absent
68,77,2022-10-19,absent
68,77,2022-10-21,absent
68,77,2022-10-24,absent
68,77,2022-10-26,absent
68,77,2022-10-28,present
68,77,2022-10-31,present
68,77,2022-11-02,present
69,74,2022-09-19,present
69,74,2022-09-21,absent
69,74,2022-09-23,present
69,74,2022-09-26,absent
69,74,2022-09-28,absent
69,74,2022-09-30,absent
69,74,2022-10-03,absent
69,74,2022-10-05,present
69,74,2022-10-07,absent
69,74,2022-10-10,present
69,74,2022-10-12,absent
69,74,2022-10-14,present
69,74,2022-10-17,present
69,74,2022-10-19,present
69,74,2022-10-21,present
69,74,2022-10-24,present
69,74,2022-10-26,present
69,74,2022-10-28,present
69,74,2022-10-31,absent
69,74,2022-11-02,present
70,64,2022-09-19,present
70,64,2022-09-21,present
70,64,2022-09-23,present
70,64,2022-09-26,present
70,64,2022-09-28,present
70,64,2022-09-30,absent
70,64,2022-10-03,present
70,64,2022-10-05,present
70,64,2022-10-07,absent
70,64,2022-10-10,absent
70,64,2022-10-12,present
70,64,2022-10-14,present
70,64,2022-10-17,absent
70,64,2022-10-19,present
70,64,2022-10-21,present
70,64,2022-10-24,absent
70,64,2022-10-26,present
70,64,2022-10-28,present
70,64,2022-10-31,present
70,64,2022-11-02,absent
71,42,2022-09-19,absent
71,42,2022-09-21,absent
71,42,2022-09-23,absent
71,42,2022-09-26,absent
71,42,2022-09-28,absent
71,42,2022-09-30,present
71,42,2022-10-03,absent
71,42,2022-10-05,absent
71,42,2022-10-07,absent
71,42,2022-10-10,present
71,42,2022-10-12,absent
71,42,2022-10-14,absent
71,42,2022-10-17,present
71,42,2022-10-19,absent
71,42,2022-10-21,present
71,42,2022-10-24,present
71,42,2022-10-26,present
71,42,2022-10-28,present
71,42,2022-10-31,present
71,42,2022-11-02,present
72,63,2022-09-19,absent
72,63,2022-09-21,present
72,63,2022-09-23,present
72,63,2022-09-26,present
72,63,2022-09-28,present
72,63,2022-09-30,absent
72,63,2022-10-03,absent
72,63,2022-10-05,absent
72,63,2022-10-07,absent
72,63,2022-10-10,present
72,63,2022-10-12,absent
72,63,2022-10-14,absent
72,63,2022-10-17,absent
72,63,2022-10-19,present
72,63,2022-10-21,present
72,63,2022-10-24,present
72,63,2022-10-26,present
72,63,2022-10-28,absent
72,63,2022-10-31,absent
72,63,2022-11-02,absent
73,69,2022-09-19,absent
73,69,2022-09-21,absent
73,69,2022-09-23,present
73,69,2022-09-26,absent
73,69,2022-09-28,present
73,69,2022-09-30,present
73,69,2022-10-03,present
73,69,2022-10-05,absent
73,69,2022-10-07,present
73,69,2022-10-10,absent
73,69,2022-10-12,present
73,69,2022-10-14,present
73,69,2022-10-17,absent
73,69,2022-10-19,present
73,69,2022-10-21,present
73,69,2022-10-24,present
73,69,2022-10-26,absent
73,69,2022-10-28,present
73,69,2022-10-31,absent
73,69,2022-11-02,present
74,87,2022-09-19,present
74,87,2022-09-21,present
74,87,2022-09-23,present
74,87,2022-09-26,present
74,87,2022-09-28,absent
74,87,2022-09-30,absent
74,87,2022-10-03,absent
74,87,2022-10-05,present
74,87,2022-10-07,present
74,87,2022-10-10,present
74,87,2022-10-12,present
74,87,2022-10-14,present
74,87,2022-10-17,absent
74,87,2022-10-19,absent
74,87,2022-10-21,present
74,87,2022-10-24,present
74,87,2022-10-26,present
74,87,2022-10-28,present
74,87,2022-10-31,absent
74,87,2022-11-02,absent
75,72,2022-09-19,absent
75,72,2022-09-21,absent
75,72,2022-09-23,absent
75,72,2022-09-26,present
75,72,2022-09-28,absent
75,72,2022-09-30,present
75,72,2022-10-03,present
75,72,2022-10-05,present
75,72,2022-10-07,absent
75,72,2022-10-10,present
75,72,2022-10-12,present
75,72,2022-10-14,present
75,72,2022-10-17,absent
75,72,2022-10-19,present
75,72,2022-10-21,present
75,72,2022-10-24,present
75,72,2022-10-26,present
75,72,2022-10-28,present
75,72,2022-10-31,absent
75,72,2022-11-02,present
76,96,2022-09-19,present
76,96,2022-09-21,absent
76,96,2022-09-23,present
76,96,2022-09-26,present
76,96,2022-09-28,present
76,96,2022-09-30,present
76,96,2022-10-03,present
76,96,2022-10-05,absent
76,96,2022-10-07,present
76,96,2022-10-10,present
76,96,2022-10-12,present
76,96,2022-10-14,present
76,96,2022-10-17,absent
76,96,2022-10-19,present
76,96,2022-10-21,present
76,96,2022-10-24,present
76,96,2022-10-26,present
76,96,2022-10-28,absent
76,96,2022-10-31,absent
76,96,2022-11-02,present
77,64,2022-09-19,present
77,64,2022-09-21,present
77,64,2022-09-23,present
77,64,2022-09-26,absent
77,64,2022-09-28,present
77,64,2022-09-30,absent
77,64,2022-10-03,present
77,64,2022-10-05,present
77,64,2022-10-07,present
77,64,2022-10-10,absent
77,64,2022-10-12,present
77,64,2022-10-14,absent
77,64,2022-10-17,absent
77,64,2022-10-19,present
77,64,2022-10-21,absent
77,64,2022-10-24,absent
77,64,2022-10-26,absent
77,64,2022-10-28,absent
77,64,2022-10-31,present
77,64,2022-11-02,present
78,70,2022-09-19,present
78,70,2022-09-21,present
78,70,2022-09-23,present
78,70,2022-09-26,present
78,70,2022-09-28,absent
78,70,2022-09-30,present
78,70,2022-10-03,absent
78,70,2022-10-05,absent
78,70,2022-10-07,present
78,70,2022-10-10,present
78,70,2022-10-12,present
78,70,2022-10-14,absent
78,70,2022-10-17,absent
78,70,2022-10-19,present
78,70,2022-10-21,present
78,70,2022-10-24,present
78,70,2022-10-26,absent
78,70,2022-10-28,absent
78,70,2022-10-31,present
78,70,2022-11-02,absent
79,58,2022-09-19,present
79,58,2022-09-21,absent
79,58,2022-09-23,present
79,58,2022-09-26,absent
79,58,2022-09-28,absent
79,58,2022-09-30,absent
79,58,2022-10-03,present
79,58,2022-10-05,absent
79,58,2022-10-07,absent
79,58,2022-10-10,present
79,58,2022-10-12,present
79,58,2022-10-14,present
79,58,2022-10-17,present
79,58,2022-10-19,absent
79,58,2022-10-21,absent
79,58,2022-10-24,present
79,58,2022-10-26,absent
79,58,2022-10-28,present
79,58,2022-10-31,present
79,58,2022-11-02,absent
80,71,2022-09-19,present
80,71,2022-09-21,present
80,71,2022-09-23,present
80,71,2022-09-26,absent
80,71,2022-09-28,absent
80,71,2022-09-30,present
80,71,2022-10-03,present
80,71,2022-10-05,present
80,71,2022-10-07,absent
80,71,2022-10-10,present
80,71,2022-10-12,present
80,71,2022-10-14,present
80,71,2022-10-17,present
80,71,2022-10-19,absent
80,71,2022-10-21,absent
80,71,2022-10-24,absent
80,71,2022-10-26,absent
80,71,2022-10-28,absent
80,71,2022-10-31,present
80,71,2022-11-02,present
81,93,2022-09-19,present
81,93,2022-09-21,present
81,93,2022-09-23,absent
81,93,2022-09-26,present
81,93,2022-09-28,present
81,93,2022-09-30,present
81,93,2022-10-03,absent
81,93,2022-10-05,absent
81,93,2022-10-07,absent
81,93,2022-10-10,absent
81,93,2022-10-12,present
81,93,2022-10-14,absent
81,93,2022-10-17,absent
81,93,2022-10-19,present
81,93,2022-10-21,present
81,93,2022-10-24,absent
81,93,2022-10-26,absent
81,93,2022-10-28,present
81,93,2022-10-31,present
81,93,2022-11-02,present
82,72,2022-09-19,absent
82,72,2022-09-21,present
82,72,2022-09-23,present
82,72,2022-09-26,present
82,72,2022-09-28,present
82,72,2022-09-30,present
82,72,2022-10-03,present
82,72,2022-10-05,present
82,72,2022-10-07,present
82,72,2022-10-10,absent
82,72,2022-10-12,present
82,72,2022-10-14,present
82,72,2022-10-17,absent
82,72,2022-10-19,absent
82,72,2022-10-21,absent
82,72,2022-10-24,present
82,72,2022-10-26,present
82,72,2022-10-28,present
82,72,2022-10-31,present
82,72,2022-11-02,absent
83,69,2022-09-19,absent
83,69,2022-09-21,absent
83,69,2022-09-23,present
83,69,2022-09-26,present
83,69,2022-09-28,present
83,69,2022-09-30,absent
83,69,2022-10-03,present
83,69,2022-10-05,present
83,69,2022-10-07,present
83,69,2022-10-10,absent
83,69,2022-10-12,present
83,69,2022-10-14,absent
83,69,2022-10-17,present
83,69,2022-10-19,present
83,69,2022-10-21,absent
83,69,2022-10-24,present
83,69,2022-10-26,absent
83,69,2022-10-28,absent
83,69,2022-10-31,absent
83,69,2022-11-02,present
84,94,2022-09-19,present
84,94,2022-09-21,present
84,94,2022-09-23,present
84,94,2022-09-26,present
84,94,2022-09-28,present
84,94,2022-09-30,present
84,94,2022-10-03,present
84,94,2022-10-05,present
84,94,2022-10-07,present
84,94,2022-10-10,absent
84,94,2022-10-12,present
84,94,2022-10-14,present
84,94,2022-10-17,present
84,94,2022-10-19,present
84,94,2022-10-21,present
84,94,2022-10-24,absent
84,94,2022-10-26,present
84,94,2022-10-28,absent
84,94,2022-10-31,present
84,94,2022-11-02,present
85,68,2022-09-19,absent
85,68,2022-09-21,absent
85,68,2022-09-23,present
85,68,2022-09-26,present
85,68,2022-09-28,present
85,68,2022-09-30,present
85,68,2022-10-03,absent
85,68,2022-10-05,absent
85,68,2022-10-07,absent
85,68,2022-10-10,present
85,68,2022-10-12,present
85,68,2022-10-14,absent
85,68,2022-10-17,present
85,68,2022-10-19,present
85,68,2022-10-21,present
85,68,2022-10-24,absent
85,68,2022-10-26,present
85,68,2022-10-28,absent
85,68,2022-10-31,absent
85,68,2022-11-02,present
86,87,2022-09-19,absent
86,87,2022-09-21,present
86,87,2022-09-23,present
86,87,2022-09-26,absent
86,87,2022-09-28,present
86,87,2022-09-30,absent
86,87,2022-10-03,absent
86,87,2022-10-05,absent
86,87,2022-10-07,present
86,87,2022-10-10,present
86,87,2022-10-12,present
86,87,2022-10-14,present
86,87,2022-10-17,present
86,87,2022-10-19,absent
86,87,2022-10-21,present
86,87,2022-10-24,present
86,87,2022-10-26,present
86,87,2022-10-28,absent
86,87,2022-10-31,present
86,87,2022-11-02,present
87,57,2022-09-19,absent
87,57,2022-09-21,absent
87,57,2022-09-23,present
87,57,2022-09-26,present
87,57,2022-09-28,absent
87,57,2022-09-30,absent
87,57,2022-10-03,present
87,57,2022-10-05,absent
87,57,2022-10-07,absent
87,57,2022-10-10,absent
87,57,2022-10-12,absent
87,57,2022-10-14,present
87,57,2022-10-17,present
87,57,2022-10-19,present
87,57,2022-10-21,absent
87,57,2022-10-24,absent
87,57,2022-10-26,absent
87,57,2022-10-28,absent
87,57,2022-10-31,absent
87,57,2022-11-02,present
88,76,2022-09-19,absent
88,76,2022-09-21,present
88,76,2022-09-23,present
88,76,2022-09-26,absent
88,76,2022-09-28,present
88,76,2022-09-30,present
88,76,2022-10-03,absent
88,76,2022-10-05,present
88,76,2022-10-07,present
88,76,2022-10-10,present
88,76,2022-10-12,absent
88,76,2022-10-14,present
88,76,2022-10-17,present
88,76,2022-10-19,present
88,76,2022-10-21,absent
88,76,2022-10-24,present
88,76,2022-10-26,absent
88,76,2022-10-28,present
88,76,2022-10-31,present
88,76,2022-11-02,present
89,80,2022-09-19,present
89,80,2022-09-21,present
89,80,2022-09-23,present
89,80,2022-09-26,present
89,80,2022-09-28,absent
89,80,2022-09-30,present
89,80,2022-10-03,absent
89,80,2022-10-05,absent
89,80,2022-10-07,present
89,80,2022-10-10,absent
89,80,2022-10-12,present
89,80,2022-10-14,present
89,80,2022-10-17,absent
89,80,2022-10-19,present
89,80,2022-10-21,absent
89,80,2022-10-24,absent
89,80,2022-10-26,absent
89,80,2022-10-28,present
89,80,2022-10-31,present
89,80,2022-11-02,present
90,94,2022-09-19,present
90,94,2022-09-21,present
90,94,2022-09-23,present
90,94,2022-09-26,present
90,94,2022-09-28,absent
90,94,2022-09-30,present
90,94,2022-10-03,present
90,94,2022-10-05,absent
90,94,2022-10-07,absent
90,94,2022-10-10,present
90,94,2022-10-12,present
90,94,2022-10-14,present
90,94,2022-10-17,present
90,94,2022-10-19,present
90,94,2022-10-21,present
90,94,2022-10-24,present
90,94,2022-10-26,absent
90,94,2022-10-28,present
90,94,2022-10-31,present
90,94,2022-11-02,present
91,92,2022-09-19,present
91,92,2022-09-21,present
91,92,2022-09-23,present
91,92,2022-09-26,present
91,92,2022-09-28,absent
91,92,2022-09-30,present
91,92,2022-10-03,present
91,92,2022-10-05,absent
91,92,2022-10-07,present
91,92,2022-10-10,present
91,92,2022-10-12,present
91,92,2022-10-14,present
91,92,2022-10-17,absent
91,92,2022-10-19,present
91,92,2022-10-21,present
91,92,2022-10-24,present
91,92,2022-10-26,present
91,92,2022-10-28,present
91,92,2022-10-31,absent
91,92,2022-11-02,absent
92,69,2022-09-19,present
92,69,2022-09-21,absent
92,69,2022-09-23,absent
92,69,2022-09-26,present
92,69,2022-09-28,absent
92,69,2022-09-30,absent
92,69,2022-10-03,absent
92,69,2022-10-05,absent
92,69,2022-10-07,present
92,69,2022-10-10,absent
92,69,2022-10-12,present
92,69,2022-10-14,present
92,69,2022-10-17,present
92,69,2022-10-19,present
92,69,2022-10-21,present
92,69,2022-10-24,present
92,69,2022-10-26,present
92,69,2022-10-28,absent
92,69,2022-10-31,present
92,69,2022-11-02,absent
93,79,2022-09-19,absent
93,79,2022-09-21,present
93,79,2022-09-23,present
93,79,2022-09-26,absent
93,79,2022-09-28,present
93,79,2022-09-30,absent
93,79,2022-10-03,present
93,79,2022-10-05,absent
93,79,2022-10-07,absent
93,79,2022-10-10,absent
93,79,2022-10-12,present
93,79,2022-10-14,absent
93,79,2022-10-17,present
93,79,2022-10-19,present
93,79,2022-10-21,present
93,79,2022-10-24,present
93,79,2022-10-26,present
93,79,2022-10-28,present
93,79,2022-10-31,present
93,79,2022-11-02,present
94,48,2022-09-19,present
94,48,2022-09-21,absent
94,48,2022-09-23,present
94,48,2022-09-26,present
94,48,2022-09-28,present
94,48,2022-09-30,present
94,48,2022-10-03,absent
94,48,2022-10-05,absent
94,48,2022-10-07,present
94,48,2022-10-10,present
94,48,2022-10-12,absent
94,48,2022-10-14,absent
94,48,2022-10-17,absent
94,48,2022-10-19,absent
94,48,2022-10-21,present
94,48,2022-10-24,present
94,48,2022-10-26,absent
94,48,2022-10-28,present
94,48,2022-10-31,absent
94,48,2022-11-02,absent
95,69,2022-09-19,absent
95,69,2022-09-21,present
95,69,2022-09-23,present
95,69,2022-09-26,absent
95,69,2022-09-28,present
95,69,2022-09-30,present
95,69,2022-10-03,present
95,69,2022-10-05,absent
95,69,2022-10-07,present
95,69,2022-10-10,absent
95,69,2022-10-12,present
95,69,2022-10-14,absent
95,69,2022-10-17,absent
95,69,2022-10-19,present
95,69,2022-10-21,present
95,69,2022-10-24,present
95,69,2022-10-26,present
95,69,2022-10-28,present
95,69,2022-10-31,present
95,69,2022-11-02,absent
96,68,2022-09-19,present
96,68,2022-09-21,absent
96,68,2022-09-23,present
96,68,2022-09-26,present
96,68,2022-09-28,absent
96,68,2022-09-30,present
96,68,2022-10-03,present
96,68,2022-10-05,absent
96,68,2022-10-07,present
96,68,2022-10-10,present
96,68,2022-10-12,present
96,68,2022-10-14,present
96,68,2022-10-17,absent
96,68,2022-10-19,absent
96,68,2022-10-21,absent
96,68,2022-10-24,absent
96,68,2022-10-26,absent
96,68,2022-10-28,present
96,68,2022-10-31,present
96,68,2022-11-02,present
97,78,2022-09-19,present
97,78,2022-09-21,present
97,78,2022-09-23,present
97,78,2022-09-26,absent
97,78,2022-09-28,absent
97,78,2022-09-30,present
97,78,2022-10-03,present
97,78,2022-10-05,present
97,78,2022-10-07,present
97,78,2022-10-10,absent
97,78,2022-10-12,present
97,78,2022-10-14,present
97,78,2022-10-17,present
97,78,2022-10-19,present
97,78,2022-10-21,absent
97,78,2022-10-24,absent
97,78,2022-10-26,present
97,78,2022-10-28,absent
97,78,2022-10-31,present
97,78,2022-11-02,absent
98,77,2022-09-19,present
98,77,2022-09-21,absent
98,77,2022-09-23,absent
98,77,2022-09-26,present
98,77,2022-09-28,absent
98,77,2022-09-30,absent
98,77,2022-10-03,present
98,77,2022-10-05,present
98,77,2022-10-07,present
98,77,2022-10-10,absent
98,77,2022-10-12,absent
98,77,2022-10-14,present
98,77,2022-10-17,present
98,77,2022-10-19,present
98,77,2022-10-21,absent
98,77,2022-10-24,present
98,77,2022-10-26,present
98,77,2022-10-28,absent
98,77,2022-10-31,present
98,77,2022-11-02,present
99,89,2022-09-19,present
99,89,2022-09-21,present
99,89,2022-09-23,present
99,89,2022-09-26,present
99,89,2022-09-28,present
99,89,2022-09-30,present
99,89,2022-10-03,present
99,89,2022-10-05,present
99,89,2022-10-07,present
99,89,2022-10-10,present
99,89,2022-10-12,absent
99,89,2022-10-14,absent
99,89,2022-10-17,absent
99,89,2022-10-19,absent
99,89,2022-10-21,absent
99,89,2022-10-24,absent
99,89,2022-10-26,absent
99,89,2022-10-28,present
99,89,2022-10-31,present
99,89,2022-11-02,absent
100,98,2022-09-19,present
100,98,2022-09-21,present
100,98,2022-09-23,absent
100,98,2022-09-26,absent
100,98,2022-09-28,present
100,98,2022-09-30,absent
100,98,2022-10-03,present
100,98,2022-10-05,present
100,98,2022-10-07,present
100,98,2022-10-10,present
100,98,2022-10-12,absent
100,98,2022-10-14,present
100,98,2022-10-17,present
100,98,2022-10-19,present
100,98,2022-10-21,present
100,98,2022-10-24,present
100,98,2022-10-26,present
100,98,2022-10-28,present
100,98,2022-10-31,present
100,98,2022-11-02,absent
